Workbook
Name Slicer_deal_category: #N/A
Name Slicer_lead_type: #N/A
Name Slicer_origin: #N/A

Sheet leads
A1: mql_id | B1: first_contact_date | C1: landing_page_id | D1: origin
A2: dac32acd4db4c29c230538b72f8dd87d | B2: 43132 | C2: 88740e65d5d6b056e0cda098e1ea6313 | D2: social
A3: 8c18d1de7f67e60dbd64e3c07d7e9d5d | B3: 43028 | C3: 007f9098284a86ee80ddeb25d53e0af8 | D3: paid_search
A4: b4bc852d233dfefc5131f593b538befa | B4: 43181 | C4: a7982125ff7aa3b2054c6e44f9d28522 | D4: organic_search
A5: 6be030b81c75970747525b843c1ef4f8 | B5: 43122 | C5: d45d558f0daeecf3cccdffe3c59684aa | D5: email
A6: 5420aad7fec3549a85876ba1c529bd84 | B6: 43152 | C6: b48ec5f3b04e9068441002a19df93c6c | D6: organic_search
A7: 28bdfd5f057764b54c38770f95c69f2f | B7: 43114 | C7: 22c29808c4f815213303f8933030604c | D7: organic_search
A8: 126a0d10becbaafcb2e72ce6848cf32c | B8: 43235 | C8: 6a110e795dd487f1cf8d7583671987af | D8: email
A9: f76136f54d14a3345951f25b7932366b | B9: 43244 | C9: d51b0d02f063ba1d053db6d97226eec3 | D9: email
A10: 2f838cade4a6012a6cb1016d1d8d95ed | B10: 43049 | C10: aeac92c0f5ae22a04ed3b746cce3a1b6 | D10: organic_search
A11: 7281942387a1a0c3f72a50a8b0bb0920 | B11: 43094 | C11: 88740e65d5d6b056e0cda098e1ea6313 | D11: social
A12: c534e2f89539e866011e1e75adfefbfb | B12: 43124 | C12: f017be4dbf86243af5c1ebed0cff36a2 | D12: unknown
A13: c3764ab3fed8fbf556c87fdeaea744a9 | B13: 43220 | C13: 35c9b150ab36fe584c1f24fd458c453a | D13: paid_search
... A8001: 8a6492305a5fbcdcdd1a7f5a90764c07 | B8001: 43111 | C8001: b76ef37428e6799c421989521c0e5077 | D8001: direct_traffic

Sheet Pivot Table
A1: Sum of declared_monthly_revenue | B1: deal_category
A2: origin | B2: High Values | C2: No Revenue | D2: Stander | E2: Grand Total
A3: direct_traffic | B3: 60000 | C3: 0 | D3: 0 | E3: 60000
A4: display | B4: 0 | C4: 0 | D4: 0 | E4: 0
A5: email | B5: 15000 | C5: 0 | D5: 0 | E5: 15000
A6: organic_search | B6: 51415000 | C6: 0 | D6: 11000 | E6: 51426000
A7: other | B7: 0 | C7: 0 | D7: 0 | E7: 0
A8: other_publicities | B8: 0 | C8: 0 | D8: 0 | E8: 0
A9: paid_search | B9: 9165000 | C9: 0 | D9: 4000 | E9: 9169000
A10: referral | B10: 0 | C10: 0 | D10: 0 | E10: 0
A11: social | B11: 500000 | C11: 0 | D11: 1000 | E11: 501000
A12: Unknow | B12: 150000 | C12: 0 | D12: 0 | E12: 150000
A13: unknown | B13: 450000 | C13: 0 | D13: 13006 | E13: 463006
A14: Grand Total | B14: 61755000 | C14: 0 | D14: 29006 | E14: 61784006

Sheet deals
A1: mql_id | B1: seller_id | C1: sdr_id | D1: sr_id | E1: won_date | F1: business_segment | G1: lead_type | H1: lead_behaviour_profile | I1: has_company | J1: has_gtin | K1: average_stock | L1: business_type | M1: declared_product_catalog_size | N1: declared_monthly_revenue | O1: origin | P1: deal_category
A2: 5420aad7fec3549a85876ba1c529bd84 | B2: 2c43fb513632d29b3b58df74816f1b06 | C2: a8387c01a09e99ce014107505b92388c | D2: 4ef15afb4b2723d8f3d81e51ec7afefe | E2: 43157.833 | F2: pet | G2: online_medium | H2: cat | I2: Unknow | J2: Unknow | K2: Unknow | L2: reseller | M2: 0 | N2: 0 | O2: =_xlfn.XLOOKUP(olist_closed_deals_dataset[[#This Row],[mql_id]], leads!A:A, leads!D:D, "Unknow" ) -> organic_search | P2: =IF(olist_closed_deals_dataset[[#This Row],[declared_monthly_revenue]] >= 10000, "High Values ", IF(olist_closed_deals_dataset[[#This Row],[declared_monthly_revenue]] > 0, "Stander ", "No Revenue " )) -> No Revenue
A3: a555fb36b9368110ede0f043dfc3b9a0 | B3: bbb7d7893a450660432ea6652310ebb7 | C3: 09285259593c61296eef10c734121d5b | D3: d3d1e91a157ea7f90548eef82f1955e3 | E3: 43228.846 | F3: car_accessories | G3: industry | H3: eagle | I3: Unknow | J3: Unknow | K3: Unknow | L3: reseller | M3: 0 | N3: 0 | O3: =_xlfn.XLOOKUP(olist_closed_deals_dataset[[#This Row],[mql_id]], leads!A:A, leads!D:D, "Unknow" ) -> referral | P3: =IF(olist_closed_deals_dataset[[#This Row],[declared_monthly_revenue]] >= 10000, "High Values ", IF(olist_closed_deals_dataset[[#This Row],[declared_monthly_revenue]] > 0, "Stander ", "No Revenue " )) -> No Revenue
A4: 327174d3648a2d047e8940d7d15204ca | B4: 612170e34b97004b3ba37eae81836b4c | C4: b90f87164b5f8c2cfa5c8572834dbe3f | D4: 6565aa9ce3178a5caf6171827af3a9ba | E4: 43256.727 | F4: home_appliances | G4: online_big | H4: cat | I4: Unknow | J4: Unknow | K4: Unknow | L4: reseller | M4: 0 | N4: 0 | O4: =_xlfn.XLOOKUP(olist_closed_deals_dataset[[#This Row],[mql_id]], leads!A:A, leads!D:D, "Unknow" ) -> organic_search | P4: =IF(olist_closed_deals_dataset[[#This Row],[declared_monthly_revenue]] >= 10000, "High Values ", IF(olist_closed_deals_dataset[[#This Row],[declared_monthly_revenue]] > 0, "Stander ", "No Revenue " )) -> No Revenue
A5: f5fee8f7da74f4887f5bcae2bafb6dd6 | B5: 21e1781e36faf92725dde4730a88ca0f | C5: 56bf83c4bb35763a51c2baab501b4c67 | D5: d3d1e91a157ea7f90548eef82f1955e3 | E5: 43117.577 | F5: food_drink | G5: online_small | H5: Unknow | I5: Unknow | J5: Unknow | K5: Unknow | L5: reseller | M5: 0 | N5: 0 | O5: =_xlfn.XLOOKUP(olist_closed_deals_dataset[[#This Row],[mql_id]], leads!A:A, leads!D:D, "Unknow" ) -> paid_search | P5: =IF(olist_closed_deals_dataset[[#This Row],[declared_monthly_revenue]] >= 10000, "High Values ", IF(olist_closed_deals_dataset[[#This Row],[declared_monthly_revenue]] > 0, "Stander ", "No Revenue " )) -> No Revenue
A6: ffe640179b554e295c167a2f6be528e0 | B6: ed8cb7b190ceb6067227478e48cf8dde | C6: 4b339f9567d060bcea4f5136b9f5949e | D6: d3d1e91a157ea7f90548eef82f1955e3 | E6: 43284.846 | F6: home_appliances | G6: industry | H6: wolf | I6: Unknow | J6: Unknow | K6: Unknow | L6: manufacturer | M6: 0 | N6: 0 | O6: =_xlfn.XLOOKUP(olist_closed_deals_dataset[[#This Row],[mql_id]], leads!A:A, leads!D:D, "Unknow" ) -> unknown | P6: =IF(olist_closed_deals_dataset[[#This Row],[declared_monthly_revenue]] >= 10000, "High Values ", IF(olist_closed_deals_dataset[[#This Row],[declared_monthly_revenue]] > 0, "Stander ", "No Revenue " )) -> No Revenue
A7: b94fba7670eeb44dce2a0d8eb790e9f5 | B7: 1c742ac33582852aaf3bcfbf5893abcf | C7: fdb16d3cbbeb5798f2f66c4096be026d | D7: 495d4e95a8cf8bbf8b432b612a2aa328 | E7: 43138.753 | F7: health_beauty | G7: online_medium | H7: Unknow | I7: Unknow | J7: Unknow | K7: Unknow | L7: manufacturer | M7: 0 | N7: 0 | O7: =_xlfn.XLOOKUP(olist_closed_deals_dataset[[#This Row],[mql_id]], leads!A:A, leads!D:D, "Unknow" ) -> organic_search | P7: =IF(olist_closed_deals_dataset[[#This Row],[declared_monthly_revenue]] >= 10000, "High Values ", IF(olist_closed_deals_dataset[[#This Row],[declared_monthly_revenue]] > 0, "Stander ", "No Revenue " )) -> No Revenue
A8: c3e30ed7ac989117c7e1e719b4ac128f | B8: 92d7568ad0c5c76fd7d341b2d46f24d6 | C8: 4b339f9567d060bcea4f5136b9f5949e | D8: 85fc447d336637ba1df43e793199fbc8 | E8: 43206.763 | F8: computers | G8: online_medium | H8: wolf | I8: Unknow | J8: Unknow | K8: Unknow | L8: reseller | M8: 0 | N8: 0 | O8: =_xlfn.XLOOKUP(olist_closed_deals_dataset[[#This Row],[mql_id]], leads!A:A, leads!D:D, "Unknow" ) -> direct_traffic | P8: =IF(olist_closed_deals_dataset[[#This Row],[declared_monthly_revenue]] >= 10000, "High Values ", IF(olist_closed_deals_dataset[[#This Row],[declared_monthly_revenue]] > 0, "Stander ", "No Revenue " )) -> No Revenue
A9: b02c89251106e1fdd9d92744be9f94f2 | B9: 44ed138eca6214d572ce1d813fb0049b | C9: 34d40cdaf94010a1d05b0d6212f9e909 | D9: 4ef15afb4b2723d8f3d81e51ec7afefe | E9: 43207.71 | F9: health_beauty | G9: offline | H9: cat | I9: Unknow | J9: Unknow | K9: Unknow | L9: manufacturer | M9: 0 | N9: 0 | O9: =_xlfn.XLOOKUP(olist_closed_deals_dataset[[#This Row],[mql_id]], leads!A:A, leads!D:D, "Unknow" ) -> unknown | P9: =IF(olist_closed_deals_dataset[[#This Row],[declared_monthly_revenue]] >= 10000, "High Values ", IF(olist_closed_deals_dataset[[#This Row],[declared_monthly_revenue]] > 0, "Stander ", "No Revenue " )) -> No Revenue
A10: a90a37898cc5f2718385a2fb981caaff | B10: 0b28859cd04d23edefee9c591fb03cd8 | C10: f42a2bd194f7802ab052a815c8de65b7 | D10: 6565aa9ce3178a5caf6171827af3a9ba | E10: 43234.776 | F10: household_utilities | G10: offline | H10: eagle | I10: Unknow | J10: Unknow | K10: Unknow | L10: reseller | M10: 0 | N10: 0 | O10: =_xlfn.XLOOKUP(olist_closed_deals_dataset[[#This Row],[mql_id]], leads!A:A, leads!D:D, "Unknow" ) -> social | P10: =IF(olist_closed_deals_dataset[[#This Row],[declared_monthly_revenue]] >= 10000, "High Values ", IF(olist_closed_deals_dataset[[#This Row],[declared_monthly_revenue]] > 0, "Stander ", "No Revenue " )) -> No Revenue
A11: 0173e8d8b1d94a355b440fb67388f532 | B11: 87d73636a3acf123e842bb890a4db036 | C11: 9d12ef1a7eca3ec58c545c678af7869c | D11: 9e4d1098a3b0f5da39b0bc48f9876645 | E11: 43214.125 | F11: household_utilities | G11: online_medium | H11: eagle | I11: Unknow | J11: Unknow | K11: Unknow | L11: manufacturer | M11: 0 | N11: 0 | O11: =_xlfn.XLOOKUP(olist_closed_deals_dataset[[#This Row],[mql_id]], leads!A:A, leads!D:D, "Unknow" ) -> paid_search | P11: =IF(olist_closed_deals_dataset[[#This Row],[declared_monthly_revenue]] >= 10000, "High Values ", IF(olist_closed_deals_dataset[[#This Row],[declared_monthly_revenue]] > 0, "Stander ", "No Revenue " )) -> No Revenue
A12: 4e4e70d504b4c0006c8287dedc99d0fc | B12: f7a0d94e966c5665355a182d5b199fcf | C12: fdb16d3cbbeb5798f2f66c4096be026d | D12: 4ef15afb4b2723d8f3d81e51ec7afefe | E12: 43159.821 | F12: construction_tools_house_garden | G12: online_medium | H12: cat | I12: Unknow | J12: Unknow | K12: Unknow | L12: reseller | M12: 0 | N12: 0 | O12: =_xlfn.XLOOKUP(olist_closed_deals_dataset[[#This Row],[mql_id]], leads!A:A, leads!D:D, "Unknow" ) -> social | P12: =IF(olist_closed_deals_dataset[[#This Row],[declared_monthly_revenue]] >= 10000, "High Values ", IF(olist_closed_deals_dataset[[#This Row],[declared_monthly_revenue]] > 0, "Stander ", "No Revenue " )) -> No Revenue
A13: 408a9c4a79800232ac656249af3162eb | B13: b566ab0ef88016e00422755e305103c6 | C13: de63de0d10a6012430098db33c679b0b | D13: d3d1e91a157ea7f90548eef82f1955e3 | E13: 43154.58 | F13: construction_tools_house_garden | G13: online_big | H13: cat | I13: Unknow | J13: Unknow | K13: Unknow | L13: reseller | M13: 0 | N13: 0 | O13: =_xlfn.XLOOKUP(olist_closed_deals_dataset[[#This Row],[mql_id]], leads!A:A, leads!D:D, "Unknow" ) -> paid_search | P13: =IF(olist_closed_deals_dataset[[#This Row],[declared_monthly_revenue]] >= 10000, "High Values ", IF(olist_closed_deals_dataset[[#This Row],[declared_monthly_revenue]] > 0, "Stander ", "No Revenue " )) -> No Revenue
... A31: 9a6b65aedf8177783035f3a53ca21ed1 | B31: 0975b0dd18febd1008391fa53dff0891 | C31: 370c9f455f93a9a96cbe9bea48e70033 | D31: 85fc447d336637ba1df43e793199fbc8 | E31: 43208.751 | F31: party | G31: online_medium | H31: eagle | I31: Unknow | J31: Unknow | K31: Unknow | L31: manufacturer | M31: 0 | N31: 0 | O31: =_xlfn.XLOOKUP(olist_closed_deals_dataset[[#This Row],[mql_id]], leads!A:A, leads!D:D, "Unknow" ) -> organic_search | P31: =IF(olist_closed_deals_dataset[[#This Row],[declared_monthly_revenue]] >= 10000, "High Values ", IF(olist_closed_deals_dataset[[#This Row],[declared_monthly_revenue]] > 0, "Stander ", "No Revenue " )) -> No Revenue
A32: 4bb1ec1ff58ad39558e8468054bfc469 | B32: 4fae87d32467e18eb46e4a76a0a0b9ce | C32: 9d12ef1a7eca3ec58c545c678af7869c | D32: a8387c01a09e99ce014107505b92388c | E32: 43300.754 | F32: small_appliances | G32: online_medium | H32: cat | I32: TRUE | J32: TRUE | K32: 20-50 | L32: reseller | M32: 0 | N32: 0 | O32: =_xlfn.XLOOKUP(olist_closed_deals_dataset[[#This Row],[mql_id]], leads!A:A, leads!D:D, "Unknow" ) -> organic_search | P32: =IF(olist_closed_deals_dataset[[#This Row],[declared_monthly_revenue]] >= 10000, "High Values ", IF(olist_closed_deals_dataset[[#This Row],[declared_monthly_revenue]] > 0, "Stander ", "No Revenue " )) -> No Revenue
A33: c34eb63cd098bf4be03d53462d7ecba2 | B33: 3525be8392a4fa3274c459bcfee41eef | C33: 4b339f9567d060bcea4f5136b9f5949e | D33: de63de0d10a6012430098db33c679b0b | E33: 43285.63 | F33: food_supplement | G33: online_small | H33: cat | I33: Unknow | J33: Unknow | K33: Unknow | L33: reseller | M33: 0 | N33: 0 | O33: =_xlfn.XLOOKUP(olist_closed_deals_dataset[[#This Row],[mql_id]], leads!A:A, leads!D:D, "Unknow" ) -> unknown | P33: =IF(olist_closed_deals_dataset[[#This Row],[declared_monthly_revenue]] >= 10000, "High Values ", IF(olist_closed_deals_dataset[[#This Row],[declared_monthly_revenue]] > 0, "Stander ", "No Revenue " )) -> No Revenue
A34: e428d5580f729d23e6070e43c492e424 | B34: 8b181ee5518df84f18f4e1a43fe07923 | C34: 09285259593c61296eef10c734121d5b | D34: de63de0d10a6012430098db33c679b0b | E34: 43215.125 | F34: health_beauty | G34: online_medium | H34: shark | I34: Unknow | J34: Unknow | K34: Unknow | L34: reseller | M34: 0 | N34: 0 | O34: =_xlfn.XLOOKUP(olist_closed_deals_dataset[[#This Row],[mql_id]], leads!A:A, leads!D:D, "Unknow" ) -> unknown | P34: =IF(olist_closed_deals_dataset[[#This Row],[declared_monthly_revenue]] >= 10000, "High Values ", IF(olist_closed_deals_dataset[[#This Row],[declared_monthly_revenue]] > 0, "Stander ", "No Revenue " )) -> No Revenue
A35: e3c91316d8f28b18d96869aebbb7c3ec | B35: d594982fd877af63ace38ea1fca27c76 | C35: 09285259593c61296eef10c734121d5b | D35: fbf4aef3f6915dc0c3c97d6812522f6a | E35: 43256.723 | F35: audio_video_electronics | G35: industry | H35: wolf | I35: Unknow | J35: Unknow | K35: Unknow | L35: reseller | M35: 0 | N35: 0 | O35: =_xlfn.XLOOKUP(olist_closed_deals_dataset[[#This Row],[mql_id]], leads!A:A, leads!D:D, "Unknow" ) -> organic_search | P35: =IF(olist_closed_deals_dataset[[#This Row],[declared_monthly_revenue]] >= 10000, "High Values ", IF(olist_closed_deals_dataset[[#This Row],[declared_monthly_revenue]] > 0, "Stander ", "No Revenue " )) -> No Revenue
A36: 72e81de94dfc0373b006ca75e9c851a1 | B36: 2f1e89e231b096f4ff1f55dfe8607a7b | C36: e7dff61b78bebffa71678e126ce669ad | D36: 068066e24f0c643eb1d089c7dd20cd73 | E36: 43404.705 | F36: computers | G36: online_medium | H36: cat | I36: TRUE | J36: Unknow | K36: 1-5 | L36: reseller | M36: 80 | N36: 0 | O36: =_xlfn.XLOOKUP(olist_closed_deals_dataset[[#This Row],[mql_id]], leads!A:A, leads!D:D, "Unknow" ) -> paid_search | P36: =IF(olist_closed_deals_dataset[[#This Row],[declared_monthly_revenue]] >= 10000, "High Values ", IF(olist_closed_deals_dataset[[#This Row],[declared_monthly_revenue]] > 0, "Stander ", "No Revenue " )) -> No Revenue
A37: 1cbfa9c878ef8692c1ae21e4cfa11000 | B37: 90269579385b838ce9bd577dcec278a4 | C37: 34d40cdaf94010a1d05b0d6212f9e909 | D37: 85fc447d336637ba1df43e793199fbc8 | E37: 43250.614 | F37: pet | G37: industry | H37: cat | I37: Unknow | J37: Unknow | K37: Unknow | L37: manufacturer | M37: 0 | N37: 0 | O37: =_xlfn.XLOOKUP(olist_closed_deals_dataset[[#This Row],[mql_id]], leads!A:A, leads!D:D, "Unknow" ) -> paid_search | P37: =IF(olist_closed_deals_dataset[[#This Row],[declared_monthly_revenue]] >= 10000, "High Values ", IF(olist_closed_deals_dataset[[#This Row],[declared_monthly_revenue]] > 0, "Stander ", "No Revenue " )) -> No Revenue
A38: b055fc7de322786cd9ddc996cb6e72ff | B38: 398cb257329ef7af7f1943a8974a3cbc | C38: a8387c01a09e99ce014107505b92388c | D38: 9ae085775a198122c5586fa830ff7f2b | E38: 43165.518 | F38: food_drink | G38: online_medium | H38: cat | I38: Unknow | J38: Unknow | K38: Unknow | L38: manufacturer | M38: 0 | N38: 0 | O38: =_xlfn.XLOOKUP(olist_closed_deals_dataset[[#This Row],[mql_id]], leads!A:A, leads!D:D, "Unknow" ) -> organic_search | P38: =IF(olist_closed_deals_dataset[[#This Row],[declared_monthly_revenue]] >= 10000, "High Values ", IF(olist_closed_deals_dataset[[#This Row],[declared_monthly_revenue]] > 0, "Stander ", "No Revenue " )) -> No Revenue
A39: a8d2884db49e0769ad4a0b8dce2e143c | B39: d65f74c704563bcb8baa915fbf8cfa1e | C39: 6aa3b86a83d784b05f0e37e26b20860d | D39: de63de0d10a6012430098db33c679b0b | E39: 43370.522 | F39: health_beauty | G39: online_medium | H39: cat | I39: Unknow | J39: FALSE | K39: Unknow | L39: reseller | M39: 15 | N39: 20000 | O39: =_xlfn.XLOOKUP(olist_closed_deals_dataset[[#This Row],[mql_id]], leads!A:A, leads!D:D, "Unknow" ) -> unknown | P39: =IF(olist_closed_deals_dataset[[#This Row],[declared_monthly_revenue]] >= 10000, "High Values ", IF(olist_closed_deals_dataset[[#This Row],[declared_monthly_revenue]] > 0, "Stander ", "No Revenue " )) -> High Values
A40: d955b97b28c2966211c9de2fe22fefbd | B40: 26e2c91ef821e1ff8985f408788fe35b | C40: 4b339f9567d060bcea4f5136b9f5949e | D40: 6565aa9ce3178a5caf6171827af3a9ba | E40: 43137.657 | F40: bed_bath_table | G40: online_beginner | H40: Unknow | I40: Unknow | J40: Unknow | K40: Unknow | L40: manufacturer | M40: 0 | N40: 0 | O40: =_xlfn.XLOOKUP(olist_closed_deals_dataset[[#This Row],[mql_id]], leads!A:A, leads!D:D, "Unknow" ) -> direct_traffic | P40: =IF(olist_closed_deals_dataset[[#This Row],[declared_monthly_revenue]] >= 10000, "High Values ", IF(olist_closed_deals_dataset[[#This Row],[declared_monthly_revenue]] > 0, "Stander ", "No Revenue " )) -> No Revenue
A41: 1d7cc0f1d0b54eac3609c5222246595b | B41: dedcab67899479e4ea5dcc4eba47f587 | C41: 56bf83c4bb35763a51c2baab501b4c67 | D41: d3d1e91a157ea7f90548eef82f1955e3 | E41: 43235.754 | F41: car_accessories | G41: online_medium | H41: Unknow | I41: Unknow | J41: Unknow | K41: Unknow | L41: reseller | M41: 0 | N41: 0 | O41: =_xlfn.XLOOKUP(olist_closed_deals_dataset[[#This Row],[mql_id]], leads!A:A, leads!D:D, "Unknow" ) -> unknown | P41: =IF(olist_closed_deals_dataset[[#This Row],[declared_monthly_revenue]] >= 10000, "High Values ", IF(olist_closed_deals_dataset[[#This Row],[declared_monthly_revenue]] > 0, "Stander ", "No Revenue " )) -> No Revenue
A42: 78f9eb91b8c7b3b3967fab18283ec614 | B42: ca4b77513ac2040591b0d8fae6958380 | C42: 370c9f455f93a9a96cbe9bea48e70033 | D42: a8387c01a09e99ce014107505b92388c | E42: 43262.528 | F42: health_beauty | G42: online_medium | H42: cat | I42: Unknow | J42: Unknow | K42: Unknow | L42: reseller | M42: 0 | N42: 0 | O42: =_xlfn.XLOOKUP(olist_closed_deals_dataset[[#This Row],[mql_id]], leads!A:A, leads!D:D, "Unknow" ) -> social | P42: =IF(olist_closed_deals_dataset[[#This Row],[declared_monthly_revenue]] >= 10000, "High Values ", IF(olist_closed_deals_dataset[[#This Row],[declared_monthly_revenue]] > 0, "Stander ", "No Revenue " )) -> No Revenue
A43: 20fcec0873b39b4df3df34140d77d6e7 | B43: cee3c487c56d29554a22d112af618301 | C43: 084b6fbb10729ed4da8c3d3f5a3ae7c9 | D43: 0a0fb2b07d841f84fb6714e35c723075 | E43: 43418.753 | F43: other | G43: other | H43: cat | I43: FALSE | J43: FALSE | K43: 1-5 | L43: other | M43: 120 | N43: 6000 | O43: =_xlfn.XLOOKUP(olist_closed_deals_dataset[[#This Row],[mql_id]], leads!A:A, leads!D:D, "Unknow" ) -> organic_search | P43: =IF(olist_closed_deals_dataset[[#This Row],[declared_monthly_revenue]] >= 10000, "High Values ", IF(olist_closed_deals_dataset[[#This Row],[declared_monthly_revenue]] > 0, "Stander ", "No Revenue " )) -> Stander
A44: 0a1643cb73c25878cc845d5594059afe | B44: ae9d6bb89361dff26edbccc7e1c2911d | C44: 068066e24f0c643eb1d089c7dd20cd73 | D44: 2695de1affa7750089c0455f8ce27021 | E44: 43217.584 | F44: fashion_accessories | G44: online_beginner | H44: cat | I44: Unknow | J44: Unknow | K44: Unknow | L44: manufacturer | M44: 0 | N44: 0 | O44: =_xlfn.XLOOKUP(olist_closed_deals_dataset[[#This Row],[mql_id]], leads!A:A, leads!D:D, "Unknow" ) -> organic_search | P44: =IF(olist_closed_deals_dataset[[#This Row],[declared_monthly_revenue]] >= 10000, "High Values ", IF(olist_closed_deals_dataset[[#This Row],[declared_monthly_revenue]] > 0, "Stander ", "No Revenue " )) -> No Revenue
A45: 92c7eacf759c266a7663d63876d84223 | B45: da3eab58892c04039f4cd5ecb09ae260 | C45: 9d12ef1a7eca3ec58c545c678af7869c | D45: c638112b43f1d1b86dcabb0da720c901 | E45: 43186.801 | F45: home_decor | G45: offline | H45: eagle | I45: Unknow | J45: Unknow | K45: Unknow | L45: manufacturer | M45: 0 | N45: 0 | O45: =_xlfn.XLOOKUP(olist_closed_deals_dataset[[#This Row],[mql_id]], leads!A:A, leads!D:D, "Unknow" ) -> unknown | P45: =IF(olist_closed_deals_dataset[[#This Row],[declared_monthly_revenue]] >= 10000, "High Values ", IF(olist_closed_deals_dataset[[#This Row],[declared_monthly_revenue]] > 0, "Stander ", "No Revenue " )) -> No Revenue
A46: f72a53e19c3310188cedd074226312c9 | B46: 6e4a902d1054e4e17aa6eab87fac1c75 | C46: 34d40cdaf94010a1d05b0d6212f9e909 | D46: 2695de1affa7750089c0455f8ce27021 | E46: 43269.582 | F46: audio_video_electronics | G46: offline | H46: wolf | I46: Unknow | J46: Unknow | K46: Unknow | L46: reseller | M46: 0 | N46: 0 | O46: =_xlfn.XLOOKUP(olist_closed_deals_dataset[[#This Row],[mql_id]], leads!A:A, leads!D:D, "Unknow" ) -> direct_traffic | P46: =IF(olist_closed_deals_dataset[[#This Row],[declared_monthly_revenue]] >= 10000, "High Values ", IF(olist_closed_deals_dataset[[#This Row],[declared_monthly_revenue]] > 0, "Stander ", "No Revenue " )) -> No Revenue
A47: d25814a309be54d1d2279a4ff921ea28 | B47: 2d42ebcda99fd55f6f4bc2f1ca035d50 | C47: 4b339f9567d060bcea4f5136b9f5949e | D47: 9e4d1098a3b0f5da39b0bc48f9876645 | E47: 43201.125 | F47: home_decor | G47: online_big | H47: cat | I47: Unknow | J47: Unknow | K47: Unknow | L47: reseller | M47: 0 | N47: 0 | O47: =_xlfn.XLOOKUP(olist_closed_deals_dataset[[#This Row],[mql_id]], leads!A:A, leads!D:D, "Unknow" ) -> social | P47: =IF(olist_closed_deals_dataset[[#This Row],[declared_monthly_revenue]] >= 10000, "High Values ", IF(olist_closed_deals_dataset[[#This Row],[declared_monthly_revenue]] > 0, "Stander ", "No Revenue " )) -> No Revenue
A48: e3ed7cb7b47e4079cb9fef895846b3e2 | B48: 04843805947f0fc584fc1969b6e50fe7 | C48: 9d12ef1a7eca3ec58c545c678af7869c | D48: fbf4aef3f6915dc0c3c97d6812522f6a | E48: 43208.702 | F48: home_decor | G48: online_big | H48: cat | I48: Unknow | J48: Unknow | K48: Unknow | L48: manufacturer | M48: 0 | N48: 0 | O48: =_xlfn.XLOOKUP(olist_closed_deals_dataset[[#This Row],[mql_id]], leads!A:A, leads!D:D, "Unknow" ) -> social | P48: =IF(olist_closed_deals_dataset[[#This Row],[declared_monthly_revenue]] >= 10000, "High Values ", IF(olist_closed_deals_dataset[[#This Row],[declared_monthly_revenue]] > 0, "Stander ", "No Revenue " )) -> No Revenue
A49: 413e4eb37de01f40522e28ecdc268639 | B49: d9d057968270cdb30c14cba606d5dc90 | C49: 4b339f9567d060bcea4f5136b9f5949e | D49: 495d4e95a8cf8bbf8b432b612a2aa328 | E49: 43188.742 | F49: car_accessories | G49: online_medium | H49: Unknow | I49: Unknow | J49: Unknow | K49: Unknow | L49: reseller | M49: 0 | N49: 0 | O49: =_xlfn.XLOOKUP(olist_closed_deals_dataset[[#This Row],[mql_id]], leads!A:A, leads!D:D, "Unknow" ) -> unknown | P49: =IF(olist_closed_deals_dataset[[#This Row],[declared_monthly_revenue]] >= 10000, "High Values ", IF(olist_closed_deals_dataset[[#This Row],[declared_monthly_revenue]] > 0, "Stander ", "No Revenue " )) -> No Revenue
A50: c1e598764329cc9c377ef1d029be8ceb | B50: d4dcd3a31f5f19aea2f258a568517a4f | C50: fdb16d3cbbeb5798f2f66c4096be026d | D50: 060c0a26f19f4d66b42e0d8796688490 | E50: 43153.554 | F50: food_drink | G50: industry | H50: Unknow | I50: Unknow | J50: Unknow | K50: Unknow | L50: manufacturer | M50: 0 | N50: 0 | O50: =_xlfn.XLOOKUP(olist_closed_deals_dataset[[#This Row],[mql_id]], leads!A:A, leads!D:D, "Unknow" ) -> organic_search | P50: =IF(olist_closed_deals_dataset[[#This Row],[declared_monthly_revenue]] >= 10000, "High Values ", IF(olist_closed_deals_dataset[[#This Row],[declared_monthly_revenue]] > 0, "Stander ", "No Revenue " )) -> No Revenue
A51: 9cca8d684240e24dd459f2d439fae30c | B51: 28760737b4b82d4479ddff8db5e9f71f | C51: 9e4d1098a3b0f5da39b0bc48f9876645 | D51: 4ef15afb4b2723d8f3d81e51ec7afefe | E51: 43158.836 | F51: pet | G51: online_medium | H51: cat | I51: Unknow | J51: Unknow | K51: Unknow | L51: manufacturer | M51: 0 | N51: 0 | O51: =_xlfn.XLOOKUP(olist_closed_deals_dataset[[#This Row],[mql_id]], leads!A:A, leads!D:D, "Unknow" ) -> unknown | P51: =IF(olist_closed_deals_dataset[[#This Row],[declared_monthly_revenue]] >= 10000, "High Values ", IF(olist_closed_deals_dataset[[#This Row],[declared_monthly_revenue]] > 0, "Stander ", "No Revenue " )) -> No Revenue
A52: 0d99b130d767e50e22b528261ffe5550 | B52: 0dccb6973ef48a00fbcccfe907181ab0 | C52: 34d40cdaf94010a1d05b0d6212f9e909 | D52: a8387c01a09e99ce014107505b92388c | E52: 43262.503 | F52: food_supplement | G52: online_beginner | H52: cat | I52: Unknow | J52: Unknow | K52: Unknow | L52: reseller | M52: 0 | N52: 0 | O52: =_xlfn.XLOOKUP(olist_closed_deals_dataset[[#This Row],[mql_id]], leads!A:A, leads!D:D, "Unknow" ) -> organic_search | P52: =IF(olist_closed_deals_dataset[[#This Row],[declared_monthly_revenue]] >= 10000, "High Values ", IF(olist_closed_deals_dataset[[#This Row],[declared_monthly_revenue]] > 0, "Stander ", "No Revenue " )) -> No Revenue
A53: 7c9ac4388867d4cc3f1cf9c05ad7e944 | B53: 751e274377499a8503fd6243ad9c56f6 | C53: 9749123c950bf8363ace42cb1c2d0815 | D53: 4ef15afb4b2723d8f3d81e51ec7afefe | E53: 43311.608 | F53: audio_video_electronics | G53: online_big | H53: cat | I53: Unknow | J53: Unknow | K53: Unknow | L53: reseller | M53: 0 | N53: 0 | O53: =_xlfn.XLOOKUP(olist_closed_deals_dataset[[#This Row],[mql_id]], leads!A:A, leads!D:D, "Unknow" ) -> paid_search | P53: =IF(olist_closed_deals_dataset[[#This Row],[declared_monthly_revenue]] >= 10000, "High Values ", IF(olist_closed_deals_dataset[[#This Row],[declared_monthly_revenue]] > 0, "Stander ", "No Revenue " )) -> No Revenue
A54: 2c5d0b35798bffadf8f67ef0af84d183 | B54: 93a55b2252867fd7df54c78cbd5c6d95 | C54: 56bf83c4bb35763a51c2baab501b4c67 | D54: fbf4aef3f6915dc0c3c97d6812522f6a | E54: 43192.598 | F54: construction_tools_house_garden | G54: offline | H54: cat | I54: Unknow | J54: Unknow | K54: Unknow | L54: reseller | M54: 0 | N54: 0 | O54: =_xlfn.XLOOKUP(olist_closed_deals_dataset[[#This Row],[mql_id]], leads!A:A, leads!D:D, "Unknow" ) -> unknown | P54: =IF(olist_closed_deals_dataset[[#This Row],[declared_monthly_revenue]] >= 10000, "High Values ", IF(olist_closed_deals_dataset[[#This Row],[declared_monthly_revenue]] > 0, "Stander ", "No Revenue " )) -> No Revenue
A55: e5860ae00103b3869a25d940345bf0fd | B55: 1185ae3e5ac0463c854dad54fc8fc9e1 | C55: 34d40cdaf94010a1d05b0d6212f9e909 | D55: 495d4e95a8cf8bbf8b432b612a2aa328 | E55: 43203.535 | F55: bags_backpacks | G55: industry | H55: cat | I55: Unknow | J55: Unknow | K55: Unknow | L55: manufacturer | M55: 0 | N55: 0 | O55: =_xlfn.XLOOKUP(olist_closed_deals_dataset[[#This Row],[mql_id]], leads!A:A, leads!D:D, "Unknow" ) -> unknown | P55: =IF(olist_closed_deals_dataset[[#This Row],[declared_monthly_revenue]] >= 10000, "High Values ", IF(olist_closed_deals_dataset[[#This Row],[declared_monthly_revenue]] > 0, "Stander ", "No Revenue " )) -> No Revenue
... A71: 048bb2f901e2c6f99bc9d26b78b47129 | B71: fc813dd7e04b8a1c9c10e8e9c10cd5f9 | C71: 0a0fb2b07d841f84fb6714e35c723075 | D71: 4ef15afb4b2723d8f3d81e51ec7afefe | E71: 43276.815 | F71: music_instruments | G71: industry | H71: cat | I71: Unknow | J71: Unknow | K71: Unknow | L71: reseller | M71: 0 | N71: 0 | O71: =_xlfn.XLOOKUP(olist_closed_deals_dataset[[#This Row],[mql_id]], leads!A:A, leads!D:D, "Unknow" ) -> paid_search | P71: =IF(olist_closed_deals_dataset[[#This Row],[declared_monthly_revenue]] >= 10000, "High Values ", IF(olist_closed_deals_dataset[[#This Row],[declared_monthly_revenue]] > 0, "Stander ", "No Revenue " )) -> No Revenue
A72: 58caf27a48e7930aefd5437298d64a70 | B72: 922f6795c9e65f2485d4e63af76586ff | C72: 45749fb708130f78d0db07d8d80f030b | D72: 34d40cdaf94010a1d05b0d6212f9e909 | E72: 43364.763 | F72: bed_bath_table | G72: online_medium | H72: cat, wolf | I72: TRUE | J72: TRUE | K72: 5-20 | L72: reseller | M72: 50 | N72: 30000 | O72: =_xlfn.XLOOKUP(olist_closed_deals_dataset[[#This Row],[mql_id]], leads!A:A, leads!D:D, "Unknow" ) -> paid_search | P72: =IF(olist_closed_deals_dataset[[#This Row],[declared_monthly_revenue]] >= 10000, "High Values ", IF(olist_closed_deals_dataset[[#This Row],[declared_monthly_revenue]] > 0, "Stander ", "No Revenue " )) -> High Values
A73: 2b094148a9d10109b903715267c4dd14 | B73: 224167f6e956da2f71c0e8dbdaa8bbf0 | C73: 56bf83c4bb35763a51c2baab501b4c67 | D73: 4ef15afb4b2723d8f3d81e51ec7afefe | E73: 43171.552 | F73: computers | G73: offline | H73: eagle | I73: Unknow | J73: Unknow | K73: Unknow | L73: reseller | M73: 0 | N73: 0 | O73: =_xlfn.XLOOKUP(olist_closed_deals_dataset[[#This Row],[mql_id]], leads!A:A, leads!D:D, "Unknow" ) -> unknown | P73: =IF(olist_closed_deals_dataset[[#This Row],[declared_monthly_revenue]] >= 10000, "High Values ", IF(olist_closed_deals_dataset[[#This Row],[declared_monthly_revenue]] > 0, "Stander ", "No Revenue " )) -> No Revenue
A74: e5f15cc640c8a7408103dd190ced966c | B74: 30a81d8cf85fb2ada1b1b094c9583a95 | C74: 068066e24f0c643eb1d089c7dd20cd73 | D74: 4ef15afb4b2723d8f3d81e51ec7afefe | E74: 43119.702 | F74: pet | G74: online_top | H74: Unknow | I74: Unknow | J74: Unknow | K74: Unknow | L74: reseller | M74: 0 | N74: 0 | O74: =_xlfn.XLOOKUP(olist_closed_deals_dataset[[#This Row],[mql_id]], leads!A:A, leads!D:D, "Unknow" ) -> unknown | P74: =IF(olist_closed_deals_dataset[[#This Row],[declared_monthly_revenue]] >= 10000, "High Values ", IF(olist_closed_deals_dataset[[#This Row],[declared_monthly_revenue]] > 0, "Stander ", "No Revenue " )) -> No Revenue
A75: a15880813bd2f137e9f6922cbb7255bf | B75: 7e417525a6ce49b708fd384e580fe3c4 | C75: a8387c01a09e99ce014107505b92388c | D75: 6565aa9ce3178a5caf6171827af3a9ba | E75: 43193.722 | F75: home_decor | G75: online_medium | H75: cat | I75: Unknow | J75: Unknow | K75: Unknow | L75: manufacturer | M75: 0 | N75: 0 | O75: =_xlfn.XLOOKUP(olist_closed_deals_dataset[[#This Row],[mql_id]], leads!A:A, leads!D:D, "Unknow" ) -> paid_search | P75: =IF(olist_closed_deals_dataset[[#This Row],[declared_monthly_revenue]] >= 10000, "High Values ", IF(olist_closed_deals_dataset[[#This Row],[declared_monthly_revenue]] > 0, "Stander ", "No Revenue " )) -> No Revenue
A76: 3bcc8997df233ab581f30dd65f14698c | B76: b6cac2bb2d83cae903e336e6a993c795 | C76: 34d40cdaf94010a1d05b0d6212f9e909 | D76: de63de0d10a6012430098db33c679b0b | E76: 43213.605 | F76: car_accessories | G76: online_big | H76: cat | I76: Unknow | J76: Unknow | K76: Unknow | L76: reseller | M76: 0 | N76: 0 | O76: =_xlfn.XLOOKUP(olist_closed_deals_dataset[[#This Row],[mql_id]], leads!A:A, leads!D:D, "Unknow" ) -> unknown | P76: =IF(olist_closed_deals_dataset[[#This Row],[declared_monthly_revenue]] >= 10000, "High Values ", IF(olist_closed_deals_dataset[[#This Row],[declared_monthly_revenue]] > 0, "Stander ", "No Revenue " )) -> No Revenue
A77: afac78e614dac1a1470030ea55c08eef | B77: 0ddefe3c7a032b91f4e25b9c3a08fca1 | C77: de63de0d10a6012430098db33c679b0b | D77: 6565aa9ce3178a5caf6171827af3a9ba | E77: 43140.65 | F77: household_utilities | G77: online_small | H77: cat | I77: Unknow | J77: Unknow | K77: Unknow | L77: reseller | M77: 0 | N77: 0 | O77: =_xlfn.XLOOKUP(olist_closed_deals_dataset[[#This Row],[mql_id]], leads!A:A, leads!D:D, "Unknow" ) -> paid_search | P77: =IF(olist_closed_deals_dataset[[#This Row],[declared_monthly_revenue]] >= 10000, "High Values ", IF(olist_closed_deals_dataset[[#This Row],[declared_monthly_revenue]] > 0, "Stander ", "No Revenue " )) -> No Revenue
A78: d0b2ef3bdc9ed0fce3d672ec52dc9c00 | B78: 45dfe11016c782d99a19f93dd34c300d | C78: a8387c01a09e99ce014107505b92388c | D78: 060c0a26f19f4d66b42e0d8796688490 | E78: 43175.596 | F78: car_accessories | G78: online_medium | H78: cat | I78: Unknow | J78: Unknow | K78: Unknow | L78: reseller | M78: 0 | N78: 0 | O78: =_xlfn.XLOOKUP(olist_closed_deals_dataset[[#This Row],[mql_id]], leads!A:A, leads!D:D, "Unknow" ) -> unknown | P78: =IF(olist_closed_deals_dataset[[#This Row],[declared_monthly_revenue]] >= 10000, "High Values ", IF(olist_closed_deals_dataset[[#This Row],[declared_monthly_revenue]] > 0, "Stander ", "No Revenue " )) -> No Revenue
A79: 496515dec2a1c280f145f6ccb34851fb | B79: 6f835fd4be26989b1b064399da346143 | C79: 09285259593c61296eef10c734121d5b | D79: d3d1e91a157ea7f90548eef82f1955e3 | E79: 43217.673 | F79: audio_video_electronics | G79: online_medium | H79: wolf | I79: Unknow | J79: Unknow | K79: Unknow | L79: reseller | M79: 0 | N79: 0 | O79: =_xlfn.XLOOKUP(olist_closed_deals_dataset[[#This Row],[mql_id]], leads!A:A, leads!D:D, "Unknow" ) -> unknown | P79: =IF(olist_closed_deals_dataset[[#This Row],[declared_monthly_revenue]] >= 10000, "High Values ", IF(olist_closed_deals_dataset[[#This Row],[declared_monthly_revenue]] > 0, "Stander ", "No Revenue " )) -> No Revenue
A80: 17c77fd570aa86b74387fae66d9d4edd | B80: 3e35a8bb43569389d3cebef0ce820f69 | C80: de63de0d10a6012430098db33c679b0b | D80: 4ef15afb4b2723d8f3d81e51ec7afefe | E80: 43118.465 | F80: food_drink | G80: industry | H80: Unknow | I80: Unknow | J80: Unknow | K80: Unknow | L80: reseller | M80: 0 | N80: 0 | O80: =_xlfn.XLOOKUP(olist_closed_deals_dataset[[#This Row],[mql_id]], leads!A:A, leads!D:D, "Unknow" ) -> unknown | P80: =IF(olist_closed_deals_dataset[[#This Row],[declared_monthly_revenue]] >= 10000, "High Values ", IF(olist_closed_deals_dataset[[#This Row],[declared_monthly_revenue]] > 0, "Stander ", "No Revenue " )) -> No Revenue
A81: cc4ec90b270b9f1de8dc2d8864425252 | B81: a7d0f8dd44f57ef6de7f7f02e3d82630 | C81: b90f87164b5f8c2cfa5c8572834dbe3f | D81: 85fc447d336637ba1df43e793199fbc8 | E81: 43217.902 | F81: health_beauty | G81: online_medium | H81: cat | I81: Unknow | J81: Unknow | K81: Unknow | L81: reseller | M81: 0 | N81: 0 | O81: =_xlfn.XLOOKUP(olist_closed_deals_dataset[[#This Row],[mql_id]], leads!A:A, leads!D:D, "Unknow" ) -> email | P81: =IF(olist_closed_deals_dataset[[#This Row],[declared_monthly_revenue]] >= 10000, "High Values ", IF(olist_closed_deals_dataset[[#This Row],[declared_monthly_revenue]] > 0, "Stander ", "No Revenue " )) -> No Revenue
A82: f0b314f185b80cf35d986e298db53fe3 | B82: a663d9c3797e90eac99ff60939416a56 | C82: 34d40cdaf94010a1d05b0d6212f9e909 | D82: 060c0a26f19f4d66b42e0d8796688490 | E82: 43217.881 | F82: computers | G82: online_beginner | H82: cat | I82: Unknow | J82: Unknow | K82: Unknow | L82: reseller | M82: 0 | N82: 0 | O82: =_xlfn.XLOOKUP(olist_closed_deals_dataset[[#This Row],[mql_id]], leads!A:A, leads!D:D, "Unknow" ) -> unknown | P82: =IF(olist_closed_deals_dataset[[#This Row],[declared_monthly_revenue]] >= 10000, "High Values ", IF(olist_closed_deals_dataset[[#This Row],[declared_monthly_revenue]] > 0, "Stander ", "No Revenue " )) -> No Revenue
A83: 902a621ebb8a96c516d34a58334eb0ee | B83: 2aef4c8187ab057d6f1b7e0e636aa481 | C83: e7dff61b78bebffa71678e126ce669ad | D83: a8387c01a09e99ce014107505b92388c | E83: 43340.715 | F83: construction_tools_house_garden | G83: online_beginner | H83: Unknow | I83: Unknow | J83: Unknow | K83: Unknow | L83: reseller | M83: 4 | N83: 6 | O83: =_xlfn.XLOOKUP(olist_closed_deals_dataset[[#This Row],[mql_id]], leads!A:A, leads!D:D, "Unknow" ) -> unknown | P83: =IF(olist_closed_deals_dataset[[#This Row],[declared_monthly_revenue]] >= 10000, "High Values ", IF(olist_closed_deals_dataset[[#This Row],[declared_monthly_revenue]] > 0, "Stander ", "No Revenue " )) -> Stander
A84: a1ad46372861ecf61fdab04c7bf5082e | B84: 8e3338430e8b66d28aa88fa892a00063 | C84: 9e4d1098a3b0f5da39b0bc48f9876645 | D84: fbf4aef3f6915dc0c3c97d6812522f6a | E84: 43157.856 | F84: home_decor | G84: online_small | H84: cat | I84: Unknow | J84: Unknow | K84: Unknow | L84: reseller | M84: 0 | N84: 0 | O84: =_xlfn.XLOOKUP(olist_closed_deals_dataset[[#This Row],[mql_id]], leads!A:A, leads!D:D, "Unknow" ) -> unknown | P84: =IF(olist_closed_deals_dataset[[#This Row],[declared_monthly_revenue]] >= 10000, "High Values ", IF(olist_closed_deals_dataset[[#This Row],[declared_monthly_revenue]] > 0, "Stander ", "No Revenue " )) -> No Revenue
... A87: 36f6d5bde803873f6bffe9949f258935 | B87: a56e351445e5863fc8960640ba9190c7 | C87: 9e4d1098a3b0f5da39b0bc48f9876645 | D87: 495d4e95a8cf8bbf8b432b612a2aa328 | E87: 43157.835 | F87: home_decor | G87: online_small | H87: cat | I87: Unknow | J87: Unknow | K87: Unknow | L87: reseller | M87: 0 | N87: 0 | O87: =_xlfn.XLOOKUP(olist_closed_deals_dataset[[#This Row],[mql_id]], leads!A:A, leads!D:D, "Unknow" ) -> direct_traffic | P87: =IF(olist_closed_deals_dataset[[#This Row],[declared_monthly_revenue]] >= 10000, "High Values ", IF(olist_closed_deals_dataset[[#This Row],[declared_monthly_revenue]] > 0, "Stander ", "No Revenue " )) -> No Revenue
A88: 4ddc45a9de1065695a90e87be37471c0 | B88: 9d590e1df0faffd9ceaa1f0f0ea9af2f | C88: e7dff61b78bebffa71678e126ce669ad | D88: 2695de1affa7750089c0455f8ce27021 | E88: 43364.785 | F88: audio_video_electronics | G88: online_medium | H88: wolf | I88: TRUE | J88: TRUE | K88: 5-20 | L88: reseller | M88: 50 | N88: 0 | O88: =_xlfn.XLOOKUP(olist_closed_deals_dataset[[#This Row],[mql_id]], leads!A:A, leads!D:D, "Unknow" ) -> organic_search | P88: =IF(olist_closed_deals_dataset[[#This Row],[declared_monthly_revenue]] >= 10000, "High Values ", IF(olist_closed_deals_dataset[[#This Row],[declared_monthly_revenue]] > 0, "Stander ", "No Revenue " )) -> No Revenue
A89: d2c1295f655a2d436edda96084211820 | B89: f49987b20beada69981c57899ffd1095 | C89: 9d12ef1a7eca3ec58c545c678af7869c | D89: 56bf83c4bb35763a51c2baab501b4c67 | E89: 43315.737 | F89: home_office_furniture | G89: online_medium | H89: wolf | I89: Unknow | J89: Unknow | K89: Unknow | L89: reseller | M89: 0 | N89: 0 | O89: =_xlfn.XLOOKUP(olist_closed_deals_dataset[[#This Row],[mql_id]], leads!A:A, leads!D:D, "Unknow" ) -> email | P89: =IF(olist_closed_deals_dataset[[#This Row],[declared_monthly_revenue]] >= 10000, "High Values ", IF(olist_closed_deals_dataset[[#This Row],[declared_monthly_revenue]] > 0, "Stander ", "No Revenue " )) -> No Revenue
A90: 1cfef7cfd8d26b1ecb8b0eccca6366ca | B90: 5cb4a72356883c59790dc8309cddea2f | C90: 068066e24f0c643eb1d089c7dd20cd73 | D90: 9ae085775a198122c5586fa830ff7f2b | E90: 43130.688 | F90: home_decor | G90: online_medium | H90: Unknow | I90: Unknow | J90: Unknow | K90: Unknow | L90: manufacturer | M90: 0 | N90: 0 | O90: =_xlfn.XLOOKUP(olist_closed_deals_dataset[[#This Row],[mql_id]], leads!A:A, leads!D:D, "Unknow" ) -> unknown | P90: =IF(olist_closed_deals_dataset[[#This Row],[declared_monthly_revenue]] >= 10000, "High Values ", IF(olist_closed_deals_dataset[[#This Row],[declared_monthly_revenue]] > 0, "Stander ", "No Revenue " )) -> No Revenue
A91: 2708ccf204c47df56b5469327e900581 | B91: fcdd820084f17e9982427971e4e9d47f | C91: de63de0d10a6012430098db33c679b0b | D91: 4ef15afb4b2723d8f3d81e51ec7afefe | E91: 43146.735 | F91: household_utilities | G91: online_big | H91: Unknow | I91: Unknow | J91: Unknow | K91: Unknow | L91: manufacturer | M91: 0 | N91: 0 | O91: =_xlfn.XLOOKUP(olist_closed_deals_dataset[[#This Row],[mql_id]], leads!A:A, leads!D:D, "Unknow" ) -> unknown | P91: =IF(olist_closed_deals_dataset[[#This Row],[declared_monthly_revenue]] >= 10000, "High Values ", IF(olist_closed_deals_dataset[[#This Row],[declared_monthly_revenue]] > 0, "Stander ", "No Revenue " )) -> No Revenue
A92: 44ebc4e28c99d8aeaead73b4b70cc5e9 | B92: 131fcb0a0c9a47bba4474aacff0f14b7 | C92: 370c9f455f93a9a96cbe9bea48e70033 | D92: 9e4d1098a3b0f5da39b0bc48f9876645 | E92: 43210.125 | F92: home_appliances | G92: online_medium | H92: cat | I92: Unknow | J92: Unknow | K92: Unknow | L92: reseller | M92: 0 | N92: 0 | O92: =_xlfn.XLOOKUP(olist_closed_deals_dataset[[#This Row],[mql_id]], leads!A:A, leads!D:D, "Unknow" ) -> paid_search | P92: =IF(olist_closed_deals_dataset[[#This Row],[declared_monthly_revenue]] >= 10000, "High Values ", IF(olist_closed_deals_dataset[[#This Row],[declared_monthly_revenue]] > 0, "Stander ", "No Revenue " )) -> No Revenue
A93: 62e44187d92348c552952aa4bf152e90 | B93: 3d5d0dc7073a299e31fa718ce1bc00b6 | C93: 09285259593c61296eef10c734121d5b | D93: 4ef15afb4b2723d8f3d81e51ec7afefe | E93: 43227.696 | F93: health_beauty | G93: online_medium | H93: cat | I93: Unknow | J93: Unknow | K93: Unknow | L93: reseller | M93: 0 | N93: 0 | O93: =_xlfn.XLOOKUP(olist_closed_deals_dataset[[#This Row],[mql_id]], leads!A:A, leads!D:D, "Unknow" ) -> paid_search | P93: =IF(olist_closed_deals_dataset[[#This Row],[declared_monthly_revenue]] >= 10000, "High Values ", IF(olist_closed_deals_dataset[[#This Row],[declared_monthly_revenue]] > 0, "Stander ", "No Revenue " )) -> No Revenue
A94: 5931bbfb35cc483290f5dd6a9fda8ee5 | B94: 0db0dce302e414422ed38aabd133ae04 | C94: 4b339f9567d060bcea4f5136b9f5949e | D94: 2695de1affa7750089c0455f8ce27021 | E94: 43269.532 | F94: food_supplement | G94: industry | H94: wolf | I94: Unknow | J94: Unknow | K94: Unknow | L94: manufacturer | M94: 0 | N94: 0 | O94: =_xlfn.XLOOKUP(olist_closed_deals_dataset[[#This Row],[mql_id]], leads!A:A, leads!D:D, "Unknow" ) -> social | P94: =IF(olist_closed_deals_dataset[[#This Row],[declared_monthly_revenue]] >= 10000, "High Values ", IF(olist_closed_deals_dataset[[#This Row],[declared_monthly_revenue]] > 0, "Stander ", "No Revenue " )) -> No Revenue
A95: 0f2ad81c100f7a6c7475bd26ceb76cbf | B95: 3492e68f37fd1df87f4f2f2ea247f445 | C95: 9e4d1098a3b0f5da39b0bc48f9876645 | D95: 6565aa9ce3178a5caf6171827af3a9ba | E95: 43143.782 | F95: car_accessories | G95: online_medium | H95: cat | I95: Unknow | J95: Unknow | K95: Unknow | L95: reseller | M95: 0 | N95: 0 | O95: =_xlfn.XLOOKUP(olist_closed_deals_dataset[[#This Row],[mql_id]], leads!A:A, leads!D:D, "Unknow" ) -> organic_search | P95: =IF(olist_closed_deals_dataset[[#This Row],[declared_monthly_revenue]] >= 10000, "High Values ", IF(olist_closed_deals_dataset[[#This Row],[declared_monthly_revenue]] > 0, "Stander ", "No Revenue " )) -> No Revenue
A96: cfccca319397a5ea2bb11bd90b0d925d | B96: ba143b05f0110f0dc71ad71b4466ce92 | C96: 370c9f455f93a9a96cbe9bea48e70033 | D96: 9e4d1098a3b0f5da39b0bc48f9876645 | E96: 43207.8 | F96: books | G96: online_big | H96: cat | I96: Unknow | J96: Unknow | K96: Unknow | L96: reseller | M96: 0 | N96: 0 | O96: =_xlfn.XLOOKUP(olist_closed_deals_dataset[[#This Row],[mql_id]], leads!A:A, leads!D:D, "Unknow" ) -> paid_search | P96: =IF(olist_closed_deals_dataset[[#This Row],[declared_monthly_revenue]] >= 10000, "High Values ", IF(olist_closed_deals_dataset[[#This Row],[declared_monthly_revenue]] > 0, "Stander ", "No Revenue " )) -> No Revenue
A97: 7281f75a3496aa1e3643f44cd5773a65 | B97: 309405cfad0d11cd1ec6bb5d02c70c6b | C97: 4b339f9567d060bcea4f5136b9f5949e | D97: 495d4e95a8cf8bbf8b432b612a2aa328 | E97: 43249.848 | F97: construction_tools_house_garden | G97: online_big | H97: cat | I97: Unknow | J97: Unknow | K97: Unknow | L97: manufacturer | M97: 0 | N97: 0 | O97: =_xlfn.XLOOKUP(olist_closed_deals_dataset[[#This Row],[mql_id]], leads!A:A, leads!D:D, "Unknow" ) -> unknown | P97: =IF(olist_closed_deals_dataset[[#This Row],[declared_monthly_revenue]] >= 10000, "High Values ", IF(olist_closed_deals_dataset[[#This Row],[declared_monthly_revenue]] > 0, "Stander ", "No Revenue " )) -> No Revenue
A98: 1fcceea4a8f4e128f39d1fe92d66a0d9 | B98: e52d2f15bba4aff8a1e2bd12b40fdfbc | C98: f42a2bd194f7802ab052a815c8de65b7 | D98: 4ef15afb4b2723d8f3d81e51ec7afefe | E98: 43266.826 | F98: household_utilities | G98: unknow | H98: cat | I98: Unknow | J98: Unknow | K98: Unknow | L98: reseller | M98: 0 | N98: 0 | O98: =_xlfn.XLOOKUP(olist_closed_deals_dataset[[#This Row],[mql_id]], leads!A:A, leads!D:D, "Unknow" ) -> unknown | P98: =IF(olist_closed_deals_dataset[[#This Row],[declared_monthly_revenue]] >= 10000, "High Values ", IF(olist_closed_deals_dataset[[#This Row],[declared_monthly_revenue]] > 0, "Stander ", "No Revenue " )) -> No Revenue
A99: 1e2a84cd1c6fcd7b7a07f49f1cf7f6cc | B99: f4009c6b30765309a251c26bc458e0e5 | C99: e7dff61b78bebffa71678e126ce669ad | D99: 9ae085775a198122c5586fa830ff7f2b | E99: 43319.825 | F99: stationery | G99: industry | H99: eagle, wolf | I99: TRUE | J99: TRUE | K99: 200+ | L99: reseller | M99: 0 | N99: 0 | O99: =_xlfn.XLOOKUP(olist_closed_deals_dataset[[#This Row],[mql_id]], leads!A:A, leads!D:D, "Unknow" ) -> organic_search | P99: =IF(olist_closed_deals_dataset[[#This Row],[declared_monthly_revenue]] >= 10000, "High Values ", IF(olist_closed_deals_dataset[[#This Row],[declared_monthly_revenue]] > 0, "Stander ", "No Revenue " )) -> No Revenue
A100: 1ab8d42d9e4a6b86010ac0a10c58fa86 | B100: 11fb6f6d341adbe19e81733701704635 | C100: f42a2bd194f7802ab052a815c8de65b7 | D100: 9ae085775a198122c5586fa830ff7f2b | E100: 43266.898 | F100: home_decor | G100: online_medium | H100: wolf | I100: Unknow | J100: Unknow | K100: Unknow | L100: reseller | M100: 0 | N100: 0 | O100: =_xlfn.XLOOKUP(olist_closed_deals_dataset[[#This Row],[mql_id]], leads!A:A, leads!D:D, "Unknow" ) -> paid_search | P100: =IF(olist_closed_deals_dataset[[#This Row],[declared_monthly_revenue]] >= 10000, "High Values ", IF(olist_closed_deals_dataset[[#This Row],[declared_monthly_revenue]] > 0, "Stander ", "No Revenue " )) -> No Revenue
A101: b5372c821691eff5fb470f33af079a64 | B101: 42fac6337d0f14ecdc18a82bfe6dd076 | C101: 4b339f9567d060bcea4f5136b9f5949e | D101: fbf4aef3f6915dc0c3c97d6812522f6a | E101: 43126.851 | F101: household_utilities | G101: industry | H101: Unknow | I101: Unknow | J101: Unknow | K101: Unknow | L101: reseller | M101: 0 | N101: 0 | O101: =_xlfn.XLOOKUP(olist_closed_deals_dataset[[#This Row],[mql_id]], leads!A:A, leads!D:D, "Unknow" ) -> direct_traffic | P101: =IF(olist_closed_deals_dataset[[#This Row],[declared_monthly_revenue]] >= 10000, "High Values ", IF(olist_closed_deals_dataset[[#This Row],[declared_monthly_revenue]] > 0, "Stander ", "No Revenue " )) -> No Revenue
A102: 165d6a6256273a3430fa4891413ac2f0 | B102: e0cfd7ece071eb006b1670ea64d0904e | C102: f42a2bd194f7802ab052a815c8de65b7 | D102: 9d12ef1a7eca3ec58c545c678af7869c | E102: 43368.497 | F102: construction_tools_house_garden | G102: offline | H102: cat | I102: Unknow | J102: Unknow | K102: Unknow | L102: reseller | M102: 400 | N102: 100000 | O102: =_xlfn.XLOOKUP(olist_closed_deals_dataset[[#This Row],[mql_id]], leads!A:A, leads!D:D, "Unknow" ) -> organic_search | P102: =IF(olist_closed_deals_dataset[[#This Row],[declared_monthly_revenue]] >= 10000, "High Values ", IF(olist_closed_deals_dataset[[#This Row],[declared_monthly_revenue]] > 0, "Stander ", "No Revenue " )) -> High Values
A103: de1dbe3b8d524c96d50c30f2467c4bc6 | B103: 841fba8f46ab4edd1bb086f53735000e | C103: 4b339f9567d060bcea4f5136b9f5949e | D103: 85fc447d336637ba1df43e793199fbc8 | E103: 43196.736 | F103: car_accessories | G103: online_top | H103: cat | I103: Unknow | J103: Unknow | K103: Unknow | L103: reseller | M103: 0 | N103: 0 | O103: =_xlfn.XLOOKUP(olist_closed_deals_dataset[[#This Row],[mql_id]], leads!A:A, leads!D:D, "Unknow" ) -> organic_search | P103: =IF(olist_closed_deals_dataset[[#This Row],[declared_monthly_revenue]] >= 10000, "High Values ", IF(olist_closed_deals_dataset[[#This Row],[declared_monthly_revenue]] > 0, "Stander ", "No Revenue " )) -> No Revenue
A104: 4e6e15ac583426150b75fc9b2951c7b1 | B104: a333655afd62d4ef51f55ac7c58abb34 | C104: 4b339f9567d060bcea4f5136b9f5949e | D104: 4b339f9567d060bcea4f5136b9f5949e | E104: 43293.885 | F104: car_accessories | G104: online_big | H104: wolf | I104: Unknow | J104: Unknow | K104: Unknow | L104: reseller | M104: 0 | N104: 0 | O104: =_xlfn.XLOOKUP(olist_closed_deals_dataset[[#This Row],[mql_id]], leads!A:A, leads!D:D, "Unknow" ) -> paid_search | P104: =IF(olist_closed_deals_dataset[[#This Row],[declared_monthly_revenue]] >= 10000, "High Values ", IF(olist_closed_deals_dataset[[#This Row],[declared_monthly_revenue]] > 0, "Stander ", "No Revenue " )) -> No Revenue
A105: 080261e4427a081fc6e637b654f590ee | B105: ade45994b717ccee333492330fbf037b | C105: 068066e24f0c643eb1d089c7dd20cd73 | D105: 85fc447d336637ba1df43e793199fbc8 | E105: 43173.513 | F105: audio_video_electronics | G105: online_big | H105: cat | I105: Unknow | J105: Unknow | K105: Unknow | L105: reseller | M105: 0 | N105: 0 | O105: =_xlfn.XLOOKUP(olist_closed_deals_dataset[[#This Row],[mql_id]], leads!A:A, leads!D:D, "Unknow" ) -> social | P105: =IF(olist_closed_deals_dataset[[#This Row],[declared_monthly_revenue]] >= 10000, "High Values ", IF(olist_closed_deals_dataset[[#This Row],[declared_monthly_revenue]] > 0, "Stander ", "No Revenue " )) -> No Revenue
A106: f9c43d70a22ac65ce5fa816a4c34f8f0 | B106: 784fca1939f4ad6c73be249a80b17d18 | C106: 9e4d1098a3b0f5da39b0bc48f9876645 | D106: 85fc447d336637ba1df43e793199fbc8 | E106: 43187.943 | F106: baby | G106: online_small | H106: wolf | I106: Unknow | J106: Unknow | K106: Unknow | L106: manufacturer | M106: 0 | N106: 0 | O106: =_xlfn.XLOOKUP(olist_closed_deals_dataset[[#This Row],[mql_id]], leads!A:A, leads!D:D, "Unknow" ) -> paid_search | P106: =IF(olist_closed_deals_dataset[[#This Row],[declared_monthly_revenue]] >= 10000, "High Values ", IF(olist_closed_deals_dataset[[#This Row],[declared_monthly_revenue]] > 0, "Stander ", "No Revenue " )) -> No Revenue
A107: 42e452a93e736373dd9281c113eff2b7 | B107: da6a60cc8cc724fe51be021ff8be779c | C107: 0a0fb2b07d841f84fb6714e35c723075 | D107: 495d4e95a8cf8bbf8b432b612a2aa328 | E107: 43234.672 | F107: books | G107: online_big | H107: cat | I107: Unknow | J107: Unknow | K107: Unknow | L107: reseller | M107: 0 | N107: 0 | O107: =_xlfn.XLOOKUP(olist_closed_deals_dataset[[#This Row],[mql_id]], leads!A:A, leads!D:D, "Unknow" ) -> organic_search | P107: =IF(olist_closed_deals_dataset[[#This Row],[declared_monthly_revenue]] >= 10000, "High Values ", IF(olist_closed_deals_dataset[[#This Row],[declared_monthly_revenue]] > 0, "Stander ", "No Revenue " )) -> No Revenue
A108: 67c34b9630469b3c13b7982316ffe7a1 | B108: 6e985a12b7b98f0a15b7bf90cc882f61 | C108: 56bf83c4bb35763a51c2baab501b4c67 | D108: c638112b43f1d1b86dcabb0da720c901 | E108: 43122.555 | F108: home_office_furniture | G108: industry | H108: Unknow | I108: Unknow | J108: Unknow | K108: Unknow | L108: reseller | M108: 0 | N108: 0 | O108: =_xlfn.XLOOKUP(olist_closed_deals_dataset[[#This Row],[mql_id]], leads!A:A, leads!D:D, "Unknow" ) -> Unknow | P108: =IF(olist_closed_deals_dataset[[#This Row],[declared_monthly_revenue]] >= 10000, "High Values ", IF(olist_closed_deals_dataset[[#This Row],[declared_monthly_revenue]] > 0, "Stander ", "No Revenue " )) -> No Revenue
A109: bde34e7721e5a33091503ba45b3f8ea5 | B109: a69aa24cec11168e7e39a3fbc727e925 | C109: 4b339f9567d060bcea4f5136b9f5949e | D109: 495d4e95a8cf8bbf8b432b612a2aa328 | E109: 43220.125 | F109: health_beauty | G109: online_big | H109: cat | I109: Unknow | J109: Unknow | K109: Unknow | L109: reseller | M109: 0 | N109: 0 | O109: =_xlfn.XLOOKUP(olist_closed_deals_dataset[[#This Row],[mql_id]], leads!A:A, leads!D:D, "Unknow" ) -> organic_search | P109: =IF(olist_closed_deals_dataset[[#This Row],[declared_monthly_revenue]] >= 10000, "High Values ", IF(olist_closed_deals_dataset[[#This Row],[declared_monthly_revenue]] > 0, "Stander ", "No Revenue " )) -> No Revenue
A110: 1124225a47b3f07185073f3df3b449bf | B110: faf3ee2764599d114d7e8f25d4c19845 | C110: 9749123c950bf8363ace42cb1c2d0815 | D110: 2695de1affa7750089c0455f8ce27021 | E110: 43354.81 | F110: home_decor | G110: online_big | H110: wolf | I110: Unknow | J110: Unknow | K110: Unknow | L110: reseller | M110: 800 | N110: 100000 | O110: =_xlfn.XLOOKUP(olist_closed_deals_dataset[[#This Row],[mql_id]], leads!A:A, leads!D:D, "Unknow" ) -> social | P110: =IF(olist_closed_deals_dataset[[#This Row],[declared_monthly_revenue]] >= 10000, "High Values ", IF(olist_closed_deals_dataset[[#This Row],[declared_monthly_revenue]] > 0, "Stander ", "No Revenue " )) -> High Values
A111: ac68bc93ecc07d7daec8ce924ca09b0c | B111: 6025c79c035c3d772133b8b8238463b2 | C111: b90f87164b5f8c2cfa5c8572834dbe3f | D111: 56bf83c4bb35763a51c2baab501b4c67 | E111: 43230.797 | F111: car_accessories | G111: online_medium | H111: wolf | I111: Unknow | J111: Unknow | K111: Unknow | L111: reseller | M111: 0 | N111: 0 | O111: =_xlfn.XLOOKUP(olist_closed_deals_dataset[[#This Row],[mql_id]], leads!A:A, leads!D:D, "Unknow" ) -> unknown | P111: =IF(olist_closed_deals_dataset[[#This Row],[declared_monthly_revenue]] >= 10000, "High Values ", IF(olist_closed_deals_dataset[[#This Row],[declared_monthly_revenue]] > 0, "Stander ", "No Revenue " )) -> No Revenue
... A118: 8551ef0d517bfc756cb31e0477ac4adc | B118: c1849d4d32d7a6cecd5aa471809d3135 | C118: b90f87164b5f8c2cfa5c8572834dbe3f | D118: 4ef15afb4b2723d8f3d81e51ec7afefe | E118: 43238.533 | F118: party | G118: offline | H118: cat | I118: Unknow | J118: Unknow | K118: Unknow | L118: manufacturer | M118: 0 | N118: 0 | O118: =_xlfn.XLOOKUP(olist_closed_deals_dataset[[#This Row],[mql_id]], leads!A:A, leads!D:D, "Unknow" ) -> paid_search | P118: =IF(olist_closed_deals_dataset[[#This Row],[declared_monthly_revenue]] >= 10000, "High Values ", IF(olist_closed_deals_dataset[[#This Row],[declared_monthly_revenue]] > 0, "Stander ", "No Revenue " )) -> No Revenue
A119: fc0a87e43ede1f423412583293815598 | B119: 90c523952c5622d268addb6d93a7212f | C119: f42a2bd194f7802ab052a815c8de65b7 | D119: d3d1e91a157ea7f90548eef82f1955e3 | E119: 43332.583 | F119: audio_video_electronics | G119: online_beginner | H119: cat | I119: TRUE | J119: TRUE | K119: Unknow | L119: reseller | M119: 5 | N119: 0 | O119: =_xlfn.XLOOKUP(olist_closed_deals_dataset[[#This Row],[mql_id]], leads!A:A, leads!D:D, "Unknow" ) -> referral | P119: =IF(olist_closed_deals_dataset[[#This Row],[declared_monthly_revenue]] >= 10000, "High Values ", IF(olist_closed_deals_dataset[[#This Row],[declared_monthly_revenue]] > 0, "Stander ", "No Revenue " )) -> No Revenue
A120: 57648ec099f2451be828fb2e27d8f46a | B120: 0ab97fdbae52ec0e877efdf9b310528e | C120: 370c9f455f93a9a96cbe9bea48e70033 | D120: 4ef15afb4b2723d8f3d81e51ec7afefe | E120: 43203.86 | F120: food_drink | G120: online_medium | H120: cat | I120: Unknow | J120: Unknow | K120: Unknow | L120: reseller | M120: 0 | N120: 0 | O120: =_xlfn.XLOOKUP(olist_closed_deals_dataset[[#This Row],[mql_id]], leads!A:A, leads!D:D, "Unknow" ) -> social | P120: =IF(olist_closed_deals_dataset[[#This Row],[declared_monthly_revenue]] >= 10000, "High Values ", IF(olist_closed_deals_dataset[[#This Row],[declared_monthly_revenue]] > 0, "Stander ", "No Revenue " )) -> No Revenue
A121: d768d7e09a6f9ff4146a1659635cf304 | B121: f233b575e585413f12fe2f847d922447 | C121: 282f16e20d50cb18d05182e80f6b9dd6 | D121: d3d1e91a157ea7f90548eef82f1955e3 | E121: 43403.765 | F121: household_utilities | G121: online_big | H121: wolf | I121: TRUE | J121: FALSE | K121: 1-5 | L121: reseller | M121: 100 | N121: 150000 | O121: =_xlfn.XLOOKUP(olist_closed_deals_dataset[[#This Row],[mql_id]], leads!A:A, leads!D:D, "Unknow" ) -> unknown | P121: =IF(olist_closed_deals_dataset[[#This Row],[declared_monthly_revenue]] >= 10000, "High Values ", IF(olist_closed_deals_dataset[[#This Row],[declared_monthly_revenue]] > 0, "Stander ", "No Revenue " )) -> High Values
A122: cdb36ea731ecf2d69881eaff7220b10e | B122: 7d2af2d0dc5a86742cda2e5da38c1ac7 | C122: 9e4d1098a3b0f5da39b0bc48f9876645 | D122: c638112b43f1d1b86dcabb0da720c901 | E122: 43178.125 | F122: audio_video_electronics | G122: online_medium | H122: Unknow | I122: Unknow | J122: Unknow | K122: Unknow | L122: reseller | M122: 0 | N122: 0 | O122: =_xlfn.XLOOKUP(olist_closed_deals_dataset[[#This Row],[mql_id]], leads!A:A, leads!D:D, "Unknow" ) -> paid_search | P122: =IF(olist_closed_deals_dataset[[#This Row],[declared_monthly_revenue]] >= 10000, "High Values ", IF(olist_closed_deals_dataset[[#This Row],[declared_monthly_revenue]] > 0, "Stander ", "No Revenue " )) -> No Revenue
A123: 06bc22c1b089be523e97524b67084ca0 | B123: 71729348559edea55a3e7a2bc2a2986d | C123: 4b339f9567d060bcea4f5136b9f5949e | D123: fbf4aef3f6915dc0c3c97d6812522f6a | E123: 43257.743 | F123: health_beauty | G123: online_medium | H123: cat | I123: Unknow | J123: Unknow | K123: Unknow | L123: manufacturer | M123: 0 | N123: 0 | O123: =_xlfn.XLOOKUP(olist_closed_deals_dataset[[#This Row],[mql_id]], leads!A:A, leads!D:D, "Unknow" ) -> unknown | P123: =IF(olist_closed_deals_dataset[[#This Row],[declared_monthly_revenue]] >= 10000, "High Values ", IF(olist_closed_deals_dataset[[#This Row],[declared_monthly_revenue]] > 0, "Stander ", "No Revenue " )) -> No Revenue
A124: d6e0ddfc5b05597877a7d5036789a3a1 | B124: 4125d9385a25e82d2f72d3a0fd55bc3f | C124: a8387c01a09e99ce014107505b92388c | D124: 9e4d1098a3b0f5da39b0bc48f9876645 | E124: 43195.629 | F124: home_decor | G124: online_medium | H124: cat | I124: Unknow | J124: Unknow | K124: Unknow | L124: reseller | M124: 0 | N124: 0 | O124: =_xlfn.XLOOKUP(olist_closed_deals_dataset[[#This Row],[mql_id]], leads!A:A, leads!D:D, "Unknow" ) -> direct_traffic | P124: =IF(olist_closed_deals_dataset[[#This Row],[declared_monthly_revenue]] >= 10000, "High Values ", IF(olist_closed_deals_dataset[[#This Row],[declared_monthly_revenue]] > 0, "Stander ", "No Revenue " )) -> No Revenue
A125: 66744053f818d4032f5ba881340db020 | B125: 5f5a58930c3c35f3b5af264f34fb8c85 | C125: 4b339f9567d060bcea4f5136b9f5949e | D125: 495d4e95a8cf8bbf8b432b612a2aa328 | E125: 43157.713 | F125: air_conditioning | G125: online_medium | H125: wolf | I125: Unknow | J125: Unknow | K125: Unknow | L125: reseller | M125: 0 | N125: 0 | O125: =_xlfn.XLOOKUP(olist_closed_deals_dataset[[#This Row],[mql_id]], leads!A:A, leads!D:D, "Unknow" ) -> organic_search | P125: =IF(olist_closed_deals_dataset[[#This Row],[declared_monthly_revenue]] >= 10000, "High Values ", IF(olist_closed_deals_dataset[[#This Row],[declared_monthly_revenue]] > 0, "Stander ", "No Revenue " )) -> No Revenue
A126: 6dcca2f79e4a4672f7c91f58385b4582 | B126: 94eead2f1cdacbf7ba5c5a0bdbe4cf1f | C126: f42a2bd194f7802ab052a815c8de65b7 | D126: de63de0d10a6012430098db33c679b0b | E126: 43217.591 | F126: household_utilities | G126: offline | H126: wolf | I126: Unknow | J126: Unknow | K126: Unknow | L126: reseller | M126: 0 | N126: 0 | O126: =_xlfn.XLOOKUP(olist_closed_deals_dataset[[#This Row],[mql_id]], leads!A:A, leads!D:D, "Unknow" ) -> paid_search | P126: =IF(olist_closed_deals_dataset[[#This Row],[declared_monthly_revenue]] >= 10000, "High Values ", IF(olist_closed_deals_dataset[[#This Row],[declared_monthly_revenue]] > 0, "Stander ", "No Revenue " )) -> No Revenue
A127: e73083572cc595460842f5090da94662 | B127: facd538cb53fa082bffaeee65521020a | C127: 370c9f455f93a9a96cbe9bea48e70033 | D127: 34d40cdaf94010a1d05b0d6212f9e909 | E127: 43360.502 | F127: car_accessories | G127: offline | H127: eagle | I127: Unknow | J127: Unknow | K127: 1-5 | L127: reseller | M127: 50 | N127: 10000 | O127: =_xlfn.XLOOKUP(olist_closed_deals_dataset[[#This Row],[mql_id]], leads!A:A, leads!D:D, "Unknow" ) -> paid_search | P127: =IF(olist_closed_deals_dataset[[#This Row],[declared_monthly_revenue]] >= 10000, "High Values ", IF(olist_closed_deals_dataset[[#This Row],[declared_monthly_revenue]] > 0, "Stander ", "No Revenue " )) -> High Values
A128: 6fba9ab96aa12c4c9d01e74b66a74485 | B128: 09c34a8e333be37851747c27525a4e53 | C128: 9d12ef1a7eca3ec58c545c678af7869c | D128: 068066e24f0c643eb1d089c7dd20cd73 | E128: 43235.848 | F128: pet | G128: online_small | H128: eagle | I128: Unknow | J128: Unknow | K128: Unknow | L128: reseller | M128: 0 | N128: 0 | O128: =_xlfn.XLOOKUP(olist_closed_deals_dataset[[#This Row],[mql_id]], leads!A:A, leads!D:D, "Unknow" ) -> organic_search | P128: =IF(olist_closed_deals_dataset[[#This Row],[declared_monthly_revenue]] >= 10000, "High Values ", IF(olist_closed_deals_dataset[[#This Row],[declared_monthly_revenue]] > 0, "Stander ", "No Revenue " )) -> No Revenue
A129: fa027edbceb48e6657770c2985172201 | B129: 8fbd63429be6d3e5e6d1a709b6464802 | C129: fdb16d3cbbeb5798f2f66c4096be026d | D129: 9ae085775a198122c5586fa830ff7f2b | E129: 43123.749 | F129: car_accessories | G129: industry | H129: Unknow | I129: Unknow | J129: Unknow | K129: Unknow | L129: reseller | M129: 0 | N129: 0 | O129: =_xlfn.XLOOKUP(olist_closed_deals_dataset[[#This Row],[mql_id]], leads!A:A, leads!D:D, "Unknow" ) -> organic_search | P129: =IF(olist_closed_deals_dataset[[#This Row],[declared_monthly_revenue]] >= 10000, "High Values ", IF(olist_closed_deals_dataset[[#This Row],[declared_monthly_revenue]] > 0, "Stander ", "No Revenue " )) -> No Revenue
A130: 83d5aac46c097426773520489cda201c | B130: a28120fc27b206d3bc355b57040baf7a | C130: a8387c01a09e99ce014107505b92388c | D130: 9e4d1098a3b0f5da39b0bc48f9876645 | E130: 43220.546 | F130: audio_video_electronics | G130: industry | H130: cat | I130: Unknow | J130: Unknow | K130: Unknow | L130: reseller | M130: 0 | N130: 0 | O130: =_xlfn.XLOOKUP(olist_closed_deals_dataset[[#This Row],[mql_id]], leads!A:A, leads!D:D, "Unknow" ) -> paid_search | P130: =IF(olist_closed_deals_dataset[[#This Row],[declared_monthly_revenue]] >= 10000, "High Values ", IF(olist_closed_deals_dataset[[#This Row],[declared_monthly_revenue]] > 0, "Stander ", "No Revenue " )) -> No Revenue
A131: a562fd35af2738ce6d88f785ef4eb134 | B131: b16d3dadc47d4eb18be3d88bad0775ce | C131: a8387c01a09e99ce014107505b92388c | D131: fbf4aef3f6915dc0c3c97d6812522f6a | E131: 43187.675 | F131: sports_leisure | G131: online_medium | H131: cat | I131: Unknow | J131: Unknow | K131: Unknow | L131: manufacturer | M131: 0 | N131: 0 | O131: =_xlfn.XLOOKUP(olist_closed_deals_dataset[[#This Row],[mql_id]], leads!A:A, leads!D:D, "Unknow" ) -> paid_search | P131: =IF(olist_closed_deals_dataset[[#This Row],[declared_monthly_revenue]] >= 10000, "High Values ", IF(olist_closed_deals_dataset[[#This Row],[declared_monthly_revenue]] > 0, "Stander ", "No Revenue " )) -> No Revenue
A132: 288ba9abad93ef50e6a76089ae84aab3 | B132: a8fee0ab6206634206f782c32e41a2a4 | C132: e7dff61b78bebffa71678e126ce669ad | D132: 4b339f9567d060bcea4f5136b9f5949e | E132: 43335.532 | F132: health_beauty | G132: online_medium | H132: cat | I132: TRUE | J132: TRUE | K132: 50-200 | L132: reseller | M132: 300 | N132: 25000 | O132: =_xlfn.XLOOKUP(olist_closed_deals_dataset[[#This Row],[mql_id]], leads!A:A, leads!D:D, "Unknow" ) -> organic_search | P132: =IF(olist_closed_deals_dataset[[#This Row],[declared_monthly_revenue]] >= 10000, "High Values ", IF(olist_closed_deals_dataset[[#This Row],[declared_monthly_revenue]] > 0, "Stander ", "No Revenue " )) -> High Values
A133: ab1417ecaf41d8fb741fade9be0b8ab1 | B133: dd5450b022b2d00a2145a66331e1aef6 | C133: 9e4d1098a3b0f5da39b0bc48f9876645 | D133: 495d4e95a8cf8bbf8b432b612a2aa328 | E133: 43150.727 | F133: household_utilities | G133: online_medium | H133: wolf | I133: Unknow | J133: Unknow | K133: Unknow | L133: reseller | M133: 0 | N133: 0 | O133: =_xlfn.XLOOKUP(olist_closed_deals_dataset[[#This Row],[mql_id]], leads!A:A, leads!D:D, "Unknow" ) -> social | P133: =IF(olist_closed_deals_dataset[[#This Row],[declared_monthly_revenue]] >= 10000, "High Values ", IF(olist_closed_deals_dataset[[#This Row],[declared_monthly_revenue]] > 0, "Stander ", "No Revenue " )) -> No Revenue
A134: d6137197f40a5b7916e5e9cbbbab739e | B134: f887581ec486ee8eec9ed933310848e0 | C134: 09285259593c61296eef10c734121d5b | D134: de63de0d10a6012430098db33c679b0b | E134: 43251.906 | F134: car_accessories | G134: online_medium | H134: cat | I134: Unknow | J134: Unknow | K134: Unknow | L134: reseller | M134: 0 | N134: 0 | O134: =_xlfn.XLOOKUP(olist_closed_deals_dataset[[#This Row],[mql_id]], leads!A:A, leads!D:D, "Unknow" ) -> organic_search | P134: =IF(olist_closed_deals_dataset[[#This Row],[declared_monthly_revenue]] >= 10000, "High Values ", IF(olist_closed_deals_dataset[[#This Row],[declared_monthly_revenue]] > 0, "Stander ", "No Revenue " )) -> No Revenue
A135: bd0027406f48f714d12dc1de747133cf | B135: f89e46b812b06f22508f89873565ce6c | C135: 56bf83c4bb35763a51c2baab501b4c67 | D135: 56bf83c4bb35763a51c2baab501b4c67 | E135: 43220.85 | F135: food_supplement | G135: offline | H135: Unknow | I135: Unknow | J135: Unknow | K135: Unknow | L135: reseller | M135: 0 | N135: 0 | O135: =_xlfn.XLOOKUP(olist_closed_deals_dataset[[#This Row],[mql_id]], leads!A:A, leads!D:D, "Unknow" ) -> organic_search | P135: =IF(olist_closed_deals_dataset[[#This Row],[declared_monthly_revenue]] >= 10000, "High Values ", IF(olist_closed_deals_dataset[[#This Row],[declared_monthly_revenue]] > 0, "Stander ", "No Revenue " )) -> No Revenue
A136: 9b6edcffd428da99ae60cc01049a8403 | B136: 845e8036c3f7bf62099352f5ed910240 | C136: 34d40cdaf94010a1d05b0d6212f9e909 | D136: 4ef15afb4b2723d8f3d81e51ec7afefe | E136: 43223.125 | F136: bed_bath_table | G136: online_big | H136: cat | I136: Unknow | J136: Unknow | K136: Unknow | L136: reseller | M136: 0 | N136: 0 | O136: =_xlfn.XLOOKUP(olist_closed_deals_dataset[[#This Row],[mql_id]], leads!A:A, leads!D:D, "Unknow" ) -> unknown | P136: =IF(olist_closed_deals_dataset[[#This Row],[declared_monthly_revenue]] >= 10000, "High Values ", IF(olist_closed_deals_dataset[[#This Row],[declared_monthly_revenue]] > 0, "Stander ", "No Revenue " )) -> No Revenue
A137: d6140c51d9f0507b9a747e63e335be7d | B137: ce9d7ae0d0fe0a747bc46cf3f089cfaa | C137: 0a0fb2b07d841f84fb6714e35c723075 | D137: 495d4e95a8cf8bbf8b432b612a2aa328 | E137: 43271.772 | F137: audio_video_electronics | G137: industry | H137: cat | I137: Unknow | J137: Unknow | K137: Unknow | L137: reseller | M137: 0 | N137: 0 | O137: =_xlfn.XLOOKUP(olist_closed_deals_dataset[[#This Row],[mql_id]], leads!A:A, leads!D:D, "Unknow" ) -> organic_search | P137: =IF(olist_closed_deals_dataset[[#This Row],[declared_monthly_revenue]] >= 10000, "High Values ", IF(olist_closed_deals_dataset[[#This Row],[declared_monthly_revenue]] > 0, "Stander ", "No Revenue " )) -> No Revenue
A138: 7f12bc8cffb170e083ea5c5296272b97 | B138: f049a72cf58fd31b11f8919cade515e7 | C138: 4b339f9567d060bcea4f5136b9f5949e | D138: 2695de1affa7750089c0455f8ce27021 | E138: 43244.928 | F138: audio_video_electronics | G138: online_beginner | H138: cat | I138: Unknow | J138: Unknow | K138: Unknow | L138: reseller | M138: 0 | N138: 0 | O138: =_xlfn.XLOOKUP(olist_closed_deals_dataset[[#This Row],[mql_id]], leads!A:A, leads!D:D, "Unknow" ) -> paid_search | P138: =IF(olist_closed_deals_dataset[[#This Row],[declared_monthly_revenue]] >= 10000, "High Values ", IF(olist_closed_deals_dataset[[#This Row],[declared_monthly_revenue]] > 0, "Stander ", "No Revenue " )) -> No Revenue
A139: d9734d3817f40bb704b7cc4984ec39b0 | B139: 117cfc326c6d50da67ca858ff5c0c852 | C139: 4b339f9567d060bcea4f5136b9f5949e | D139: d3d1e91a157ea7f90548eef82f1955e3 | E139: 43188.847 | F139: household_utilities | G139: online_medium | H139: wolf | I139: Unknow | J139: Unknow | K139: Unknow | L139: reseller | M139: 0 | N139: 0 | O139: =_xlfn.XLOOKUP(olist_closed_deals_dataset[[#This Row],[mql_id]], leads!A:A, leads!D:D, "Unknow" ) -> organic_search | P139: =IF(olist_closed_deals_dataset[[#This Row],[declared_monthly_revenue]] >= 10000, "High Values ", IF(olist_closed_deals_dataset[[#This Row],[declared_monthly_revenue]] > 0, "Stander ", "No Revenue " )) -> No Revenue
A140: 8f24f9bb371471be344cdb6fbcd99688 | B140: c6d5704d1ed91beed0114bcd9d3367bb | C140: de63de0d10a6012430098db33c679b0b | D140: d3d1e91a157ea7f90548eef82f1955e3 | E140: 43164.78 | F140: home_decor | G140: online_beginner | H140: Unknow | I140: Unknow | J140: Unknow | K140: Unknow | L140: manufacturer | M140: 0 | N140: 0 | O140: =_xlfn.XLOOKUP(olist_closed_deals_dataset[[#This Row],[mql_id]], leads!A:A, leads!D:D, "Unknow" ) -> organic_search | P140: =IF(olist_closed_deals_dataset[[#This Row],[declared_monthly_revenue]] >= 10000, "High Values ", IF(olist_closed_deals_dataset[[#This Row],[declared_monthly_revenue]] > 0, "Stander ", "No Revenue " )) -> No Revenue
...

Sheet Marketing Summary
A1: origin | B1: Total Leads | C1: Total Deals | D1: Total Revenue | E1: Conversion Rate | F1: High Value Deals | G1: Stander Deals
A2: social | B2: =COUNTIF(leads!D:D, A2) -> 1350 | C2: =COUNTIF(deals!O:O, Table3[[#This Row],[origin]]) -> 75 | D2: =SUMIF(deals!O:O,Table3[[#This Row],[origin]],deals!N:N) -> 501000 | E2: =Table3[[#This Row],[Total Deals]] / Table3[[#This Row],[Total Leads]] -> 0.055555556 | F2: =COUNTIFS(deals!O:O,Table3[[#This Row],[origin]],deals!P:P, "High Values ") -> 3 | G2: =COUNTIFS(deals!O:O,Table3[[#This Row],[origin]],deals!P:P,"Stander ") -> 1
A3: paid_search | B3: =COUNTIF(leads!D:D, A3) -> 1586 | C3: =COUNTIF(deals!O:O, Table3[[#This Row],[origin]]) -> 195 | D3: =SUMIF(deals!O:O,Table3[[#This Row],[origin]],deals!N:N) -> 9169000 | E3: =Table3[[#This Row],[Total Deals]] / Table3[[#This Row],[Total Leads]] -> 0.12295082 | F3: =COUNTIFS(deals!O:O,Table3[[#This Row],[origin]],deals!P:P, "High Values ") -> 14 | G3: =COUNTIFS(deals!O:O,Table3[[#This Row],[origin]],deals!P:P,"Stander ") -> 1
A4: organic_search | B4: =COUNTIF(leads!D:D, A4) -> 2296 | C4: =COUNTIF(deals!O:O, Table3[[#This Row],[origin]]) -> 271 | D4: =SUMIF(deals!O:O,Table3[[#This Row],[origin]],deals!N:N) -> 51426000 | E4: =Table3[[#This Row],[Total Deals]] / Table3[[#This Row],[Total Leads]] -> 0.11803136 | F4: =COUNTIFS(deals!O:O,Table3[[#This Row],[origin]],deals!P:P, "High Values ") -> 13 | G4: =COUNTIFS(deals!O:O,Table3[[#This Row],[origin]],deals!P:P,"Stander ") -> 2
A5: direct_traffic | B5: =COUNTIF(leads!D:D, A5) -> 499 | C5: =COUNTIF(deals!O:O, Table3[[#This Row],[origin]]) -> 56 | D5: =SUMIF(deals!O:O,Table3[[#This Row],[origin]],deals!N:N) -> 60000 | E5: =Table3[[#This Row],[Total Deals]] / Table3[[#This Row],[Total Leads]] -> 0.11222445 | F5: =COUNTIFS(deals!O:O,Table3[[#This Row],[origin]],deals!P:P, "High Values ") -> 1 | G5: =COUNTIFS(deals!O:O,Table3[[#This Row],[origin]],deals!P:P,"Stander ") -> 0
A6: referral | B6: =COUNTIF(leads!D:D, A6) -> 284 | C6: =COUNTIF(deals!O:O, Table3[[#This Row],[origin]]) -> 24 | D6: =SUMIF(deals!O:O,Table3[[#This Row],[origin]],deals!N:N) -> 0 | E6: =Table3[[#This Row],[Total Deals]] / Table3[[#This Row],[Total Leads]] -> 0.084507042 | F6: =COUNTIFS(deals!O:O,Table3[[#This Row],[origin]],deals!P:P, "High Values ") -> 0 | G6: =COUNTIFS(deals!O:O,Table3[[#This Row],[origin]],deals!P:P,"Stander ") -> 0
A7: email | B7: =COUNTIF(leads!D:D, A7) -> 493 | C7: =COUNTIF(deals!O:O, Table3[[#This Row],[origin]]) -> 15 | D7: =SUMIF(deals!O:O,Table3[[#This Row],[origin]],deals!N:N) -> 15000 | E7: =Table3[[#This Row],[Total Deals]] / Table3[[#This Row],[Total Leads]] -> 0.030425963 | F7: =COUNTIFS(deals!O:O,Table3[[#This Row],[origin]],deals!P:P, "High Values ") -> 1 | G7: =COUNTIFS(deals!O:O,Table3[[#This Row],[origin]],deals!P:P,"Stander ") -> 0
A8: unknow | B8: =COUNTIF(leads!D:D, A8) -> 60 | C8: =COUNTIF(deals!O:O, Table3[[#This Row],[origin]]) -> 42 | D8: =SUMIF(deals!O:O,Table3[[#This Row],[origin]],deals!N:N) -> 150000 | E8: =Table3[[#This Row],[Total Deals]] / Table3[[#This Row],[Total Leads]] -> 0.7 | F8: =COUNTIFS(deals!O:O,Table3[[#This Row],[origin]],deals!P:P, "High Values ") -> 30 | G8: =COUNTIFS(deals!O:O,Table3[[#This Row],[origin]],deals!P:P,"Stander ") -> 0
A9: Total | B9: =SUBTOTAL(109,Table3[Total Leads]) -> 6568 | C9: =SUBTOTAL(109,Table3[Total Deals]) -> 678 | D9: =SUBTOTAL(109,Table3[Total Revenue]) -> 61321000 | E9: =C9/B9 -> 0.10322777 | F9: =SUBTOTAL(109,Table3[High Value Deals]) -> 62 | G9: =SUBTOTAL(109,Table3[Stander Deals]) -> 4
